{"cameraMode":{"drawMode":0,"name":"Shaded","section":"Shading Mode"},"sceneLighting":true,"audioPlay":false,"sceneViewState":{"m_AlwaysRefresh":false,"showFog":true,"showSkybox":true,"showFlares":true,"showImageEffects":true,"showParticleSystems":true,"showVisualEffectGraphs":true,"m_FxEnabled":true},"in2DMode":false,"pivot":{"x":0.9141031503677368,"y":0.4353703260421753,"z":1.9491578340530396},"rotation":{"x":-0.03625531867146492,"y":0.9059728980064392,"z":-0.07931295037269592,"w":-0.41441449522972109},"size":2.207106590270996,"orthographic":false}